{
  "hash": "7b0e1feb",
  "configHash": "71e9b5a4",
  "lockfileHash": "bfeb93c7",
  "browserHash": "53a0dfc3",
  "optimized": {
    "@angular/common": {
      "src": "../../../../../../node_modules/@angular/common/fesm2022/common.mjs",
      "file": "@angular_common.js",
      "fileHash": "2a392f89",
      "needsInterop": false
    },
    "@angular/common/http": {
      "src": "../../../../../../node_modules/@angular/common/fesm2022/http.mjs",
      "file": "@angular_common_http.js",
      "fileHash": "ca49da97",
      "needsInterop": false
    },
    "@angular/core": {
      "src": "../../../../../../node_modules/@angular/core/fesm2022/core.mjs",
      "file": "@angular_core.js",
      "fileHash": "c988815c",
      "needsInterop": false
    },
    "@angular/forms": {
      "src": "../../../../../../node_modules/@angular/forms/fesm2022/forms.mjs",
      "file": "@angular_forms.js",
      "fileHash": "806c28e5",
      "needsInterop": false
    },
    "@angular/platform-browser": {
      "src": "../../../../../../node_modules/@angular/platform-browser/fesm2022/platform-browser.mjs",
      "file": "@angular_platform-browser.js",
      "fileHash": "4556b38a",
      "needsInterop": false
    },
    "@angular/router": {
      "src": "../../../../../../node_modules/@angular/router/fesm2022/router.mjs",
      "file": "@angular_router.js",
      "fileHash": "26691fe5",
      "needsInterop": false
    }
  },
  "chunks": {
    "chunk-IHAINLG4": {
      "file": "chunk-IHAINLG4.js"
    },
    "chunk-LL4HCKSZ": {
      "file": "chunk-LL4HCKSZ.js"
    },
    "chunk-MDIWMEKA": {
      "file": "chunk-MDIWMEKA.js"
    },
    "chunk-7DPHYZ4E": {
      "file": "chunk-7DPHYZ4E.js"
    },
    "chunk-6ZMAKLN3": {
      "file": "chunk-6ZMAKLN3.js"
    }
  }
}