{
  "hash": "885b5ef4",
  "configHash": "eb0aee5c",
  "lockfileHash": "bfeb93c7",
  "browserHash": "96c768e4",
  "optimized": {
    "@angular/common": {
      "src": "../../../../../../node_modules/@angular/common/fesm2022/common.mjs",
      "file": "@angular_common.js",
      "fileHash": "c58bb62e",
      "needsInterop": false
    },
    "@angular/common/http": {
      "src": "../../../../../../node_modules/@angular/common/fesm2022/http.mjs",
      "file": "@angular_common_http.js",
      "fileHash": "64390090",
      "needsInterop": false
    },
    "@angular/core": {
      "src": "../../../../../../node_modules/@angular/core/fesm2022/core.mjs",
      "file": "@angular_core.js",
      "fileHash": "a0b8e9dd",
      "needsInterop": false
    },
    "@angular/forms": {
      "src": "../../../../../../node_modules/@angular/forms/fesm2022/forms.mjs",
      "file": "@angular_forms.js",
      "fileHash": "c79ec7bd",
      "needsInterop": false
    },
    "@angular/platform-browser": {
      "src": "../../../../../../node_modules/@angular/platform-browser/fesm2022/platform-browser.mjs",
      "file": "@angular_platform-browser.js",
      "fileHash": "c14b27f0",
      "needsInterop": false
    },
    "@angular/platform-server/init": {
      "src": "../../../../../../node_modules/@angular/platform-server/fesm2022/init.mjs",
      "file": "@angular_platform-server_init.js",
      "fileHash": "edc4226c",
      "needsInterop": false
    },
    "@angular/router": {
      "src": "../../../../../../node_modules/@angular/router/fesm2022/router.mjs",
      "file": "@angular_router.js",
      "fileHash": "851a6a06",
      "needsInterop": false
    },
    "@angular/ssr": {
      "src": "../../../../../../node_modules/@angular/ssr/fesm2022/ssr.mjs",
      "file": "@angular_ssr.js",
      "fileHash": "11b977e7",
      "needsInterop": false
    },
    "@angular/ssr/node": {
      "src": "../../../../../../node_modules/@angular/ssr/fesm2022/node.mjs",
      "file": "@angular_ssr_node.js",
      "fileHash": "79a6aa0a",
      "needsInterop": false
    },
    "express": {
      "src": "../../../../../../node_modules/express/index.js",
      "file": "express.js",
      "fileHash": "ab39ec96",
      "needsInterop": true
    }
  },
  "chunks": {
    "xhr2-E5RTESSH": {
      "file": "xhr2-E5RTESSH.js"
    },
    "chunk-HAFLBX2Y": {
      "file": "chunk-HAFLBX2Y.js"
    },
    "chunk-3EOGGEYD": {
      "file": "chunk-3EOGGEYD.js"
    },
    "chunk-YDBDW6FX": {
      "file": "chunk-YDBDW6FX.js"
    },
    "chunk-C344PHYX": {
      "file": "chunk-C344PHYX.js"
    },
    "chunk-7PDVBWPH": {
      "file": "chunk-7PDVBWPH.js"
    },
    "chunk-F3OVQXGI": {
      "file": "chunk-F3OVQXGI.js"
    },
    "chunk-TGGGLMIV": {
      "file": "chunk-TGGGLMIV.js"
    },
    "chunk-6DU2HRTW": {
      "file": "chunk-6DU2HRTW.js"
    }
  }
}